{"m": 15.969155846566643, "m_err": 0.013072373883688286, "c": 1.4134226567518207, "c_err": 4.258214099155166, "a_quad": -0.00019799261037014283, "a_quad_err": 4.5953917282112496e-05, "b_quad": 16.06529154055891, "b_quad_err": 0.022864812135875632, "c_quad": -8.200890028198058, "c_quad_err": 2.7612996214535728}