{"C_356": 235248.61351922737, "C_356_err": 1231.195827456904, "C_356_2": 235679.77995081941, "C_356_2_err": 1785.065608600149, "C_356_average": 235464.1967350234, "C_356_average_err": 1084.2396405493473, "C_81": 173055.09002650544, "C_81_err": 1109.9728579479438, "C_79": 14873.408889357428, "C_79_err": 475.453256611456, "O_Ba133": 0.7988506121440034, "O_Ba133_err": 0.00662016854445427, "O_Ba133_av": 0.7981192109955714, "O_Ba133_av_err": 0.006314911273026926, "C_161": 3654.878920308448, "C_161_err": 211.15072235919726, "C_223": 2321.7842827730665, "C_223_err": 111.44575834977364, "C_276": 31377.22668217001, "C_276_err": 394.5548064768743, "C_303": 76541.31993075837, "C_303_err": 549.4268978449088, "C_383": 33083.912422617424, "C_383_err": 319.3136134247561}