{"C_356": 323728.7710019189, "C_356_err": 2079.081801631468, "C_356_2": 324161.945686724, "C_356_2_err": 2542.2531644375053, "C_356_average": 323945.35834432143, "C_356_average_err": 1642.0743200269333, "C_81": 233643.89134020158, "C_81_err": 1544.7442579286499, "C_79": 20307.23908796207, "C_79_err": 666.1978495863052, "O_Ba133": 0.7844564746043483, "O_Ba133_err": 0.007237804306252105, "O_Ba133_av": 0.7839319931179229, "O_Ba133_av_err": 0.006543393541165374, "C_161": 4945.579267361326, "C_161_err": 218.26271900437024, "C_223": 3147.868319374389, "C_223_err": 120.91930965945518, "C_276": 42987.253333110726, "C_276_err": 461.95454904118856, "C_303": 105093.4884768223, "C_303_err": 828.8342750338968, "C_383": 45455.33704955483, "C_383_err": 391.0002042044985}