{"C_356": 998422.1938166505, "C_356_err": 3153.123651973759, "C_81": 743187.1342904622, "C_81_err": 1885.4876504108784, "C_79": 61996.93845973328, "C_79_err": 763.9549877360989, "O_Ba133": 0.8064565048100872, "O_Ba133_err": 0.003261649441263552, "C_161": 16069.165604639875, "C_161_err": 504.59531733325474, "C_223": 9715.05111004484, "C_223_err": 252.07549173114003, "C_276": 134761.33125739067, "C_276_err": 611.036281132722, "C_303": 332508.3610800834, "C_303_err": 778.2841527741048, "C_383": 146027.46043523002, "C_383_err": 2363.3203507502562, "R_simdata_356_counts": 4.2402293327856215}