{"C_356": 1009593.7917348774, "C_356_err": 3482.6748600300516, "C_81": 725687.2186892064, "C_81_err": 2233.2504841105397, "C_79": 57797.17598573055, "C_79_err": 823.2855315747904, "O_Ba133": 0.7760392358679268, "O_Ba133_err": 0.0035671319603419174, "C_161": 15810.274183723013, "C_161_err": 392.11243277229556, "C_223": 9660.056762375101, "C_223_err": 255.21285068105308, "C_276": 136926.40513193648, "C_276_err": 633.9410435010195, "C_303": 337097.4484469316, "C_303_err": 953.2819495271794, "C_383": 144751.42736827515, "C_383_err": 558.4496098936144, "R_simdata_356_counts": 3.116555819459467}