{"C_356": 559891.2003212342, "C_356_err": 2531.763408143383, "C_81": 165885.63990587278, "C_81_err": 785.2248632021709, "C_79": 13811.624177642625, "C_79_err": 328.6177839612861, "O_Ba133": 0.32095032745721885, "O_Ba133_err": 0.00210182173298453, "C_161": 7349.493401182945, "C_161_err": 745.303516355194, "C_223": 5137.911176541287, "C_223_err": 176.0405827518889, "C_276": 75494.65140365645, "C_276_err": 371.81778329343047, "C_303": 186358.9139553112, "C_303_err": 745.111624475942, "C_383": NaN, "C_383_err": NaN, "R_simdata_356_counts": 1.7283507415658848}