{"C_356": 1012034.8027926317, "C_356_err": 3239.2717736963073, "C_81": 742780.2209263876, "C_81_err": 1512.7002301037328, "C_79": 60832.30144911964, "C_79_err": 583.9327066960798, "O_Ba133": 0.7940562124523789, "O_Ba133_err": 0.003004445061987415, "C_161": 16063.931873857104, "C_161_err": 385.3409709712586, "C_223": 9745.10485215226, "C_223_err": 224.70368249082688, "C_276": 137047.01368123887, "C_276_err": 590.7136448611136, "C_303": 337760.87838125916, "C_303_err": 763.2613959845015, "C_383": 145488.13517621276, "C_383_err": 650.6586178915613, "R_simdata_356_counts": 3.124091075004508}