{"C_356": 670020.9931993292, "C_356_err": 8279.091526394475, "C_81": 486573.1851618786, "C_81_err": 1412.3099719362813, "C_79": 38616.763516083905, "C_79_err": 519.0567662647472, "O_Ba133": 0.7838410348460829, "O_Ba133_err": 0.009942445273714516, "C_161": 9014.473745418389, "C_161_err": 910.1428599877609, "C_223": 6124.793005537371, "C_223_err": 277.90643497532784, "C_276": 90390.01603967871, "C_276_err": 440.11330514706833, "C_303": 222874.5626891018, "C_303_err": 863.8516189349654, "C_383": 111553.64118836499, "C_383_err": 1228.0868489387824, "R_simdata_356_counts": 2.068314843663122}