{"C_356": 976425.7070126253, "C_356_err": 3168.6949468379576, "C_81": 636211.800322931, "C_81_err": 2042.634495114422, "C_79": 51154.14247402761, "C_79_err": 765.572635220196, "O_Ba133": 0.7039613335252662, "O_Ba133_err": 0.003195295787803363, "C_161": 14762.596922869538, "C_161_err": 388.01619326235397, "C_223": 9263.990999062231, "C_223_err": 250.74485170387808, "C_276": 132497.65329334608, "C_276_err": 497.47328085748654, "C_303": 326386.3987355048, "C_303_err": 756.081703877866, "C_383": 139576.3729329242, "C_383_err": 657.1815080625522, "R_simdata_356_counts": 3.014167920179868}