{"C_356": 1016427.0388646574, "C_356_err": 3029.45325952955, "C_81": 750894.2735184348, "C_81_err": 1764.0460131909035, "C_79": 60629.0406234699, "C_79_err": 665.6816168385881, "O_Ba133": 0.7984078375643875, "O_Ba133_err": 0.003017240170875738, "C_161": 16580.41859684574, "C_161_err": 382.15595185497517, "C_223": 9821.121526564308, "C_223_err": 240.39595626911526, "C_276": 137726.20351162012, "C_276_err": 526.1416751031143, "C_303": 339385.2424822682, "C_303_err": 984.9214069625099, "C_383": 142496.62161706534, "C_383_err": 1800.4633615032437, "R_simdata_356_counts": 4.316694652344451}