{"C_356": 946074.5476280717, "C_356_err": 2497.207925590337, "C_81": 561684.7868292435, "C_81_err": 1276.773042524126, "C_79": 45694.26793000191, "C_79_err": 478.14528376342145, "O_Ba133": 0.6419991493080767, "O_Ba133_err": 0.0022244847379105327, "C_161": 14554.33316034142, "C_161_err": 320.22509875113593, "C_223": 9451.761645974226, "C_223_err": 262.30756683508247, "C_276": 127966.24813260091, "C_276_err": 545.7363348752198, "C_303": 316814.6543674511, "C_303_err": 913.9905531780907, "C_383": 133572.7206449532, "C_383_err": 657.7813333996158, "R_simdata_356_counts": 4.017912535096469}