{"C_356": 548510.4867769837, "C_356_err": 19349.62401405684, "C_81": 400885.7994628064, "C_81_err": 1552.2825591373633, "C_79": 32149.892562413086, "C_79_err": 609.6295365269501, "O_Ba133": 0.7894756845392554, "O_Ba133_err": 0.02801554519192988, "C_161": 11109.646466314261, "C_161_err": 2508.8518573276647, "C_223": 5097.0503779002365, "C_223_err": 274.1419473743519, "C_276": 72427.88929732778, "C_276_err": 1339.414396171797, "C_303": 179880.9433786928, "C_303_err": 4941.302893001059, "C_383": 90691.19174101514, "C_383_err": 1207.3543543461383, "R_simdata_356_counts": 2.3294857323648355}