{"C_356": 1075360.8393524608, "C_356_err": 4052.448778878309, "C_81": 948100.3332786387, "C_81_err": 3374.669397985632, "C_79": 75969.47859234193, "C_79_err": 1229.7284271259, "O_Ba133": 0.9523034263435093, "O_Ba133_err": 0.004902519630114592, "C_161": 17517.78702149085, "C_161_err": 450.6767366980372, "C_223": 10397.298205279814, "C_223_err": 198.46183675018625, "C_276": 145759.06312371284, "C_276_err": 575.4100104519742, "C_303": 358789.7720512132, "C_303_err": 966.5055933391815, "C_383": 154881.80652152875, "C_383_err": 647.983761335532, "R_simdata_356_counts": 3.319574772883333}