{"FCCD": 0.7320206228147791, "FCCD_err": 0.03418326504274266}