{"C_356": 662837.3628592647, "C_356_err": 8406.746735192883, "C_81": 577407.2517604659, "C_81_err": 2736.25508886031, "C_79": 45709.741725252, "C_79_err": 988.2341536123259, "O_Ba133": 0.9400752407767027, "O_Ba133_err": 0.012705142434538155, "C_161": 338271344.901462, "C_161_err": 237591160053.96332, "C_223": 6229.242698682567, "C_223_err": 206.11459795373057, "C_276": 88952.71062217388, "C_276_err": 476.3297872136243, "C_303": 219441.46704256992, "C_303_err": 1016.6458815023761, "C_383": 113893.81782308372, "C_383_err": 1782.1954365417823, "R_simdata_356_counts": 2.046139405259621}