{"C_356": 1102902.5125551503, "C_356_err": 4227.799677764009, "C_81": 1079817.8996681024, "C_81_err": 3073.8546128010134, "C_79": 87140.44431814877, "C_79_err": 1088.1713556559996, "O_Ba133": 1.0580793231513268, "O_Ba133_err": 0.0050191747250932965, "C_161": 18702.912138755302, "C_161_err": 284.88292040101385, "C_223": 11196.638941864574, "C_223_err": 187.0398063191515, "C_276": 149193.3258773566, "C_276_err": 537.3470646342869, "C_303": 368730.59274943, "C_303_err": 960.806795616145, "C_383": 158213.2478956363, "C_383_err": 1869.454748495105, "R_simdata_356_counts": 4.68394995013313}