{"C_356": 1017538.9573907187, "C_356_err": 3679.8387287273326, "C_81": 750092.4854785651, "C_81_err": 2169.5633717706137, "C_79": 60007.57662499223, "C_79_err": 801.386386063108, "O_Ba133": 0.796136655230284, "O_Ba133_err": 0.003668235917907462, "C_161": 16565.845782754695, "C_161_err": 425.38825626511453, "C_223": 9770.608741652688, "C_223_err": 283.5193475640279, "C_276": 138073.05381602485, "C_276_err": 560.4484329703264, "C_303": 339894.64357548504, "C_303_err": 1016.0109057593861, "C_383": 142149.83033816406, "C_383_err": 2662.707691570445, "R_simdata_356_counts": 4.321416892674316}