{"C_356": 656632.5959690103, "C_356_err": 8045.110278134355, "C_81": 477960.27935111226, "C_81_err": 1717.1202930225138, "C_79": 39091.57245482981, "C_79_err": 657.3372844342894, "O_Ba133": 0.7874294620462983, "O_Ba133_err": 0.01004577499335325, "C_161": 9095.2196260683, "C_161_err": 850.4409787951556, "C_223": 6154.1983170525045, "C_223_err": 200.7460544929313, "C_276": 88316.86151936141, "C_276_err": 434.17470679150864, "C_303": 218270.8806488567, "C_303_err": 878.0394474201821, "C_383": 109288.48646192184, "C_383_err": 1291.823147591699, "R_simdata_356_counts": 2.0269856599429206}