{"C_356": 590940.90874409, "C_356_err": 7987.136821714572, "C_81": 570013.4516204089, "C_81_err": 5210.191960560558, "C_79": 44831.261000148676, "C_79_err": 1881.1777456430193, "O_Ba133": 1.040450413100135, "O_Ba133_err": 0.01690054936661162, "C_161": 4859750353952.214, "C_161_err": 2957685732642.4316, "C_223": 6009.290846576531, "C_223_err": 246.21662656951372, "C_276": 79134.85609828567, "C_276_err": 350.0838192498616, "C_303": 194397.07372878704, "C_303_err": 1048.493137262401, "C_383": 105194.45004935231, "C_383_err": 5085.724302187978, "R_simdata_356_counts": 1.8241993395564542}