{"C_356": 101315.83428714551, "C_356_err": 505.36028022126925, "C_81": 73857.41130980525, "C_81_err": 426.6695549453984, "C_79": 5995.822360393303, "C_79_err": 164.27377549213952, "O_Ba133": 0.7881614382593103, "O_Ba133_err": 0.00598491109423241, "C_161": 1536.6634590088026, "C_161_err": 168.88474904696068, "C_223": 1005.4144464325303, "C_223_err": 71.36241578674752, "C_276": 13763.347926071627, "C_276_err": 199.65955925864688, "C_303": 34023.296518205854, "C_303_err": 376.1139720760348, "C_383": NaN, "C_383_err": NaN, "R_simdata_356_counts": 0.31275593762160636}