{"C_356": 1012252.5655639282, "C_356_err": 3401.465376926347, "C_81": 734762.9794634652, "C_81_err": 1887.623271105069, "C_79": 59426.24256495186, "C_79_err": 701.7546123999676, "O_Ba133": 0.7845761512947832, "O_Ba133_err": 0.003302821779095007, "C_161": 15633.806011813629, "C_161_err": 253.72999912895813, "C_223": 9757.117118293652, "C_223_err": 206.77385385748448, "C_276": 137226.63360803114, "C_276_err": 550.0737105457755, "C_303": 338157.0855072611, "C_303_err": 797.8429078424925, "C_383": 145200.14036536778, "C_383_err": 479.198666082591, "R_simdata_356_counts": 3.124763295691384}