{"FCCD": 0.6863669076679086, "FCCD_err": 0.0323042187632124}