{"C_356": 1045470.3804330647, "C_356_err": 3460.621779708622, "C_81": 835233.6514015285, "C_81_err": 1710.2189264053284, "C_79": 67424.75900552259, "C_79_err": 621.2334231320599, "O_Ba133": 0.863399315084511, "O_Ba133_err": 0.0033461785932948473, "C_161": 17184.770374847227, "C_161_err": 289.42425450216024, "C_223": 10281.700357306272, "C_223_err": 252.2974258540215, "C_276": 141373.34698165196, "C_276_err": 526.2588334951126, "C_303": 350259.65312687645, "C_303_err": 944.955477114391, "C_383": 149035.07099985817, "C_383_err": 584.3938673180165, "R_simdata_356_counts": 3.2273047089683393}