{"C_356": 1014826.164990304, "C_356_err": 3310.645732682874, "C_81": 742545.3904322986, "C_81_err": 2203.327194608832, "C_79": 60173.54747476101, "C_79_err": 821.9909870747267, "O_Ba133": 0.7909915664371239, "O_Ba133_err": 0.0034682205059051257, "C_161": 15221.346935761592, "C_161_err": 316.51546726369304, "C_223": 10004.486889976104, "C_223_err": 238.0976683640237, "C_276": 137669.15373655575, "C_276_err": 420.68033856538733, "C_303": 338957.2937451107, "C_303_err": 812.0814085019251, "C_383": 145570.94453203547, "C_383_err": 470.33951540642465, "R_simdata_356_counts": 3.132707843622336}