{"C_356": 998527.2363395691, "C_356_err": 3169.5756104069883, "C_81": 742411.3472313911, "C_81_err": 2100.3428964755785, "C_79": 61673.39423073448, "C_79_err": 852.3734955080348, "O_Ba133": 0.8052707149078511, "O_Ba133_err": 0.003418618738938636, "C_161": 16000.428200355227, "C_161_err": 439.6839021359742, "C_223": 9735.287686800362, "C_223_err": 245.66967750859175, "C_276": 134656.81570682488, "C_276_err": 607.8793019826456, "C_303": 332468.7533146694, "C_303_err": 869.3418907693768, "C_383": 142632.49325071042, "C_383_err": 3231.8337386360386, "R_simdata_356_counts": 4.24067544104486}