{"C_356": 609638.6107397841, "C_356_err": 10001.764436318295, "C_81": 451003.94574246655, "C_81_err": 1763.792335911321, "C_79": 37293.87063468261, "C_79_err": 694.4904546444767, "O_Ba133": 0.8009627470684799, "O_Ba133_err": 0.013503503161237624, "C_161": 13325.114453485638, "C_161_err": 3870.079523088099, "C_223": 5953.523680144894, "C_223_err": 221.32355161378288, "C_276": 81707.49345063762, "C_276_err": 600.4161690506797, "C_303": 201273.74178408814, "C_303_err": 1858.9772237645134, "C_383": 101398.64452749408, "C_383_err": 869.18273736992, "R_simdata_356_counts": 2.589092605980488}