{"C_356": 652456.40372879, "C_356_err": 5575.53625942076, "C_81": 383359.5353140025, "C_81_err": 1032.802172584321, "C_79": 31097.560191615357, "C_79_err": 394.9589878295132, "O_Ba133": 0.635225730235759, "O_Ba133_err": 0.0056866957743750704, "C_161": 33105.324135731746, "C_161_err": 137443.50867346532, "C_223": 6199.18708840862, "C_223_err": 300.6269998773168, "C_276": 88090.03180171784, "C_276_err": 439.3420100445209, "C_303": 217168.4178386748, "C_303_err": 849.7414281662128, "C_383": 104101.88404511419, "C_383_err": 1010.9181875478148, "R_simdata_356_counts": 2.0140940035797463}