{"C_356": 944448.0675767257, "C_356_err": 2346.7098442264396, "C_81": 558177.8913265885, "C_81_err": 1598.7942960861028, "C_79": 46021.672699603274, "C_79_err": 616.9207226867827, "O_Ba133": 0.6397382606504273, "O_Ba133_err": 0.002412291046268016, "C_161": 13762.076987610348, "C_161_err": 503.27732842727147, "C_223": 9392.720913741163, "C_223_err": 228.33205385586314, "C_276": 128070.45916422215, "C_276_err": 485.70260027029286, "C_303": 315677.12120358704, "C_303_err": 783.2221389465834, "C_383": 134546.52416286536, "C_383_err": 579.6399359290118, "R_simdata_356_counts": 2.915454854497011}