{"C_356": 914833.6545419404, "C_356_err": 2206.7220675834574, "C_81": 493378.4896341807, "C_81_err": 1389.3283672264056, "C_79": 41361.15586480337, "C_79_err": 535.5268406286507, "O_Ba133": 0.5845211780787946, "O_Ba133_err": 0.0021533697162119613, "C_161": 13710.039137861839, "C_161_err": 350.4168786161456, "C_223": 8863.957933085137, "C_223_err": 160.31786881270992, "C_276": 123540.36915211337, "C_276_err": 533.9299910321504, "C_303": 306140.0699079273, "C_303_err": 815.1322704222695, "C_383": 128947.59634334764, "C_383_err": 542.8567790992521, "R_simdata_356_counts": 2.8240369277634905}