{"C_356": 743500.2022017274, "C_356_err": 1427.9439265921606, "C_81": 226296.11801850863, "C_81_err": 980.2060206318762, "C_79": 19220.87038387861, "C_79_err": 406.4765409676186, "O_Ba133": 0.3302177829613734, "O_Ba133_err": 0.0015617928611578887, "C_161": 10176.048173142704, "C_161_err": 246.2591555562967, "C_223": 7091.676475579419, "C_223_err": 206.07496333984847, "C_276": 100242.16880024994, "C_276_err": 610.100072989308, "C_303": 248055.15267946234, "C_303_err": 717.1620988880755, "C_383": NaN, "C_383_err": NaN, "R_simdata_356_counts": 3.157593436756824}