{"C_356": 670384.5058147585, "C_356_err": 7136.515080790413, "C_81": 478410.199313166, "C_81_err": 1552.5815281297673, "C_79": 38413.88016602941, "C_79_err": 577.2321548661694, "O_Ba133": 0.7709367907467791, "O_Ba133_err": 0.008570813143027736, "C_161": 2911246.2108822907, "C_161_err": 250986996.55439162, "C_223": 6506.655375182639, "C_223_err": 160.9341066958645, "C_276": 90195.77410392411, "C_276_err": 421.7342531682378, "C_303": 222483.55580393123, "C_303_err": 994.3794334294985, "C_383": 111058.44423514743, "C_383_err": 1192.5631413308652, "R_simdata_356_counts": 2.0694369854258166}