{"C_356": 1009366.4123558264, "C_356_err": 3323.2361849016547, "C_81": 734393.9033063739, "C_81_err": 1792.4220976302704, "C_79": 59771.300236273564, "C_79_err": 689.507647324762, "O_Ba133": 0.7867957501073305, "O_Ba133_err": 0.0032141050174892623, "C_161": 15761.42260984879, "C_161_err": 386.4342746500632, "C_223": 9777.821738458913, "C_223_err": 250.72292820121896, "C_276": 136628.31981781474, "C_276_err": 568.2782359273707, "C_303": 336782.9079740408, "C_303_err": 860.9510610518927, "C_383": 145088.22408586394, "C_383_err": 556.0469090536552, "R_simdata_356_counts": 3.1158539128780203}