{"C_356": 662224.073774612, "C_356_err": 6406.334179413914, "C_81": 429440.87579965364, "C_81_err": 1354.1976600198818, "C_79": 34413.50250414867, "C_79_err": 507.4359075476076, "O_Ba133": 0.7004492839710251, "O_Ba133_err": 0.007119320093626899, "C_161": 191928.9209503972, "C_161_err": 9740335.10486797, "C_223": 6419.1126938933685, "C_223_err": 190.8111539727434, "C_276": 89146.58662597898, "C_276_err": 392.72863643728965, "C_303": 220365.87391908, "C_303_err": 860.8244173860138, "C_383": 107367.48673438083, "C_383_err": 1064.6543530029894, "R_simdata_356_counts": 2.0442462184339565}