{"C_356": 641077.9754191205, "C_356_err": 5097.011991958875, "C_81": 341095.3675217761, "C_81_err": 1061.7030083454395, "C_79": 27650.46577919359, "C_79_err": 408.9911246206045, "O_Ba133": 0.5751965399527148, "O_Ba133_err": 0.004905506212129443, "C_161": 24492.381059917574, "C_161_err": 57906.29599632556, "C_223": 6285.49343053038, "C_223_err": 279.5850582755707, "C_276": 86647.43444171952, "C_276_err": 525.772125351621, "C_303": 213305.45505344588, "C_303_err": 750.6882038961347, "C_383": 100681.87837494504, "C_383_err": 681.5827077230539, "R_simdata_356_counts": 1.9789694740361703}