{"C_356": 1014588.8142078, "C_356_err": 3287.286597267108, "C_81": 750879.6914689181, "C_81_err": 1789.9568392528465, "C_79": 61647.077860922655, "C_79_err": 689.7757814672024, "O_Ba133": 0.8008434135598754, "O_Ba133_err": 0.0032105123451204773, "C_161": 16432.619849230883, "C_161_err": 357.2599640772941, "C_223": 9697.215049072065, "C_223_err": 324.9841600908462, "C_276": 137396.13793992344, "C_276_err": 809.0980213845864, "C_303": 338634.89818525733, "C_303_err": 721.118293419667, "C_383": 152179.03198319135, "C_383_err": 2491.9312716892573, "R_simdata_356_counts": 4.3088878405983495}