{"C_356": 1011746.2568848963, "C_356_err": 3259.0694935187025, "C_81": 732170.5626678582, "C_81_err": 1480.7463512957263, "C_79": 60203.79942638104, "C_79_err": 548.9786570161757, "O_Ba133": 0.7831749875051779, "O_Ba133_err": 0.0029666268614967754, "C_161": 16134.076426887794, "C_161_err": 345.85977702241297, "C_223": 9790.497748368403, "C_223_err": 186.9136685262773, "C_276": 136839.51169237428, "C_276_err": 470.6262883693483, "C_303": 338785.9683768497, "C_303_err": 901.1185066844114, "C_383": 143730.08370243214, "C_383_err": 495.41014325698154, "R_simdata_356_counts": 3.1232003509971933}