{"C_356": 101507.47087757483, "C_356_err": 585.4488654212525, "C_81": 74236.090483817, "C_81_err": 407.54930537017844, "C_79": 6030.361134213326, "C_79_err": 154.14257645206695, "O_Ba133": 0.7907442764960356, "O_Ba133_err": 0.006263024330219404, "C_161": 1633.7835241613502, "C_161_err": 137.11630015879157, "C_223": 1052.4289079326004, "C_223_err": 82.8655628626988, "C_276": 13750.328689930024, "C_276_err": 191.71976524928866, "C_303": 34101.50767143318, "C_303_err": 319.06299718678036, "C_383": NaN, "C_383_err": NaN, "R_simdata_356_counts": 0.31334750834640007}