{"C_356": 912738.015100877, "C_356_err": 2457.2969101468916, "C_81": 488584.4831173314, "C_81_err": 1410.9960579043477, "C_79": 40229.24830646374, "C_79_err": 548.4774775954174, "O_Ba133": 0.5793707752660547, "O_Ba133_err": 0.0022768075407400617, "C_161": 13668.270455673119, "C_161_err": 584.4776876237789, "C_223": 8668.26003334718, "C_223_err": 250.66649891504824, "C_276": 123793.43345122163, "C_276_err": 604.7041395551279, "C_303": 305090.5019572415, "C_303_err": 791.7958975979558, "C_383": 129734.72985032917, "C_383_err": 331.873181154022, "R_simdata_356_counts": 2.81756781380003}