{"C_356": 1012521.0265379376, "C_356_err": 3303.8020061036627, "C_81": 734224.5425475856, "C_81_err": 1846.0813513127857, "C_79": 59805.34749990567, "C_79_err": 682.3543827722715, "O_Ba133": 0.7842107662321619, "O_Ba133_err": 0.0032134192560237876, "C_161": 16022.687183072767, "C_161_err": 199.00437245976528, "C_223": 9934.679849238582, "C_223_err": 226.76188886625584, "C_276": 136879.97870732186, "C_276_err": 525.9246896594934, "C_303": 339100.48448963463, "C_303_err": 789.3797710259561, "C_383": 143884.0562580498, "C_383_err": 465.37154002607434, "R_simdata_356_counts": 3.1255920187062203}