{"C_356": 673655.2679812073, "C_356_err": 7706.299867026894, "C_81": 531527.9769415681, "C_81_err": 1802.646749540143, "C_79": 43094.21687478547, "C_79_err": 669.2761914749427, "O_Ba133": 0.852991464816072, "O_Ba133_err": 0.01016674319855657, "C_161": 14563022.302382588, "C_161_err": 5625103925.9807, "C_223": 6295.420629707595, "C_223_err": 252.8509307344252, "C_276": 90585.1717893897, "C_276_err": 402.63940819956827, "C_303": 223561.20963363987, "C_303_err": 1006.6717280304179, "C_383": 113865.08404555147, "C_383_err": 1196.23835288715, "R_simdata_356_counts": 2.0795336331542043}