{"C_356": 658474.7707011818, "C_356_err": 7100.8837511992015, "C_81": 486552.747868004, "C_81_err": 1567.0442721593308, "C_79": 39724.74076613303, "C_79_err": 595.6432349672742, "O_Ba133": 0.7992371341330611, "O_Ba133_err": 0.008987001360229386, "C_161": 13315.999416867298, "C_161_err": 3418.8216786737903, "C_223": 6355.64259023028, "C_223_err": 259.94604547502104, "C_276": 88499.4211150367, "C_276_err": 364.091936316637, "C_303": 218515.79022442506, "C_303_err": 926.6352691231444, "C_383": 109811.413611052, "C_383_err": 1138.6074874595497, "R_simdata_356_counts": 2.796496366885824}