{"C_356": 1005305.6055478507, "C_356_err": 3040.9608121909214, "C_81": 731974.2262924595, "C_81_err": 2029.6391123136368, "C_79": 59543.25010183876, "C_79_err": 788.1181093734809, "O_Ba133": 0.7873401600729695, "O_Ba133_err": 0.0032191369396942318, "C_161": 16381.183787226208, "C_161_err": 481.95081526592463, "C_223": 9430.2239336045, "C_223_err": 295.41253160207776, "C_276": 135785.4876259989, "C_276_err": 567.5054654863648, "C_303": 335157.5178241373, "C_303_err": 855.3362302555302, "C_383": 144567.17127227347, "C_383_err": 465.6458577885131, "R_simdata_356_counts": 3.1033184444622037}