{"C_356": 741508.3509793989, "C_356_err": 1284.2581655641302, "C_81": 220777.5724478041, "C_81_err": 888.5730797119048, "C_79": 18798.530989593724, "C_79_err": 379.5219370888029, "O_Ba133": 0.3230929268982081, "O_Ba133_err": 0.0014181309172717795, "C_161": 10303.073856870642, "C_161_err": 590.3447499501921, "C_223": 7007.4952191519305, "C_223_err": 193.18224996816556, "C_276": 100424.57779279031, "C_276_err": 487.49538515515826, "C_303": 247125.3648139093, "C_303_err": 745.5669231168658, "C_383": NaN, "C_383_err": NaN, "R_simdata_356_counts": 2.2889920533797246}