{"C_356": 1007952.2733899899, "C_356_err": 3436.460824220386, "C_81": 740498.9164958713, "C_81_err": 1763.966111495163, "C_79": 61005.81107781998, "C_79_err": 689.6352814768093, "O_Ba133": 0.7951812290457315, "O_Ba133_err": 0.0032985734955247557, "C_161": 16018.232180172407, "C_161_err": 343.37322460653934, "C_223": 10036.514272207402, "C_223_err": 273.9812579286726, "C_276": 136354.29246249504, "C_276_err": 482.3989880598266, "C_303": 336125.44146210415, "C_303_err": 976.4702840993866, "C_383": 144938.1504925891, "C_383_err": 581.0676328733917, "R_simdata_356_counts": 3.111488550234567}