{"C_356": 101522.30481775229, "C_356_err": 491.0280539805376, "C_81": 73748.26685851747, "C_81_err": 451.077472376352, "C_79": 5630.434172941088, "C_79_err": 160.7505189125323, "O_Ba133": 0.7818843472274906, "O_Ba133_err": 0.0060456509489987195, "C_161": 1650.910551859399, "C_161_err": 149.54514865077942, "C_223": 1024.9542992085646, "C_223_err": 84.79114188665997, "C_276": 13746.055354754753, "C_276_err": 163.96416975743742, "C_303": 34112.122486562745, "C_303_err": 232.99694147724952, "C_383": NaN, "C_383_err": NaN, "R_simdata_356_counts": 0.313393299834981}