{"C_356": 1013969.0850792344, "C_356_err": 3452.4072356543707, "C_81": 742812.787566104, "C_81_err": 2022.1004749479073, "C_79": 60387.40278303296, "C_79_err": 765.7513034867353, "O_Ba133": 0.7921347920448408, "O_Ba133_err": 0.0034382641386079315, "C_161": 16421.977372205114, "C_161_err": 470.22417948198773, "C_223": 10095.057849162557, "C_223_err": 289.6781284111955, "C_276": 137244.173732033, "C_276_err": 585.3382167549355, "C_303": 338524.5999643634, "C_303_err": 726.1926152210382, "C_383": 145608.7838061203, "C_383_err": 578.0092975551029, "R_simdata_356_counts": 3.130062089056041}