{"C_356": 637628.3342609734, "C_356_err": 7363.152003397695, "C_81": 465410.2572976626, "C_81_err": 1237.1426584262845, "C_79": 38177.58972239175, "C_79_err": 480.4175436797795, "O_Ba133": 0.7897827307246702, "O_Ba133_err": 0.00935467703998306, "C_161": 8364.252716982603, "C_161_err": 816.7039049519967, "C_223": 6065.548899490604, "C_223_err": 200.61823590388457, "C_276": 85939.92541766935, "C_276_err": 466.7763145851564, "C_303": 212031.15285535826, "C_303_err": 919.1800105803188, "C_383": 106159.69601703966, "C_383_err": 1194.7915904522163, "R_simdata_356_counts": 1.9683206375293651}