{"C_356": 978490.6392656795, "C_356_err": 2790.461751388123, "C_81": 640987.1286091219, "C_81_err": 1592.6394998761796, "C_79": 52844.07022081946, "C_79_err": 597.3216465531922, "O_Ba133": 0.7090831235244474, "O_Ba133_err": 0.0026666541108152425, "C_161": 15202.3580059136, "C_161_err": 374.22495151987704, "C_223": 9665.415153520542, "C_223_err": 271.45855244291795, "C_276": 132047.27639796128, "C_276_err": 586.716155588035, "C_303": 327725.0519871868, "C_303_err": 1075.8904700113949, "C_383": 138594.42719003264, "C_383_err": 604.4824228895404, "R_simdata_356_counts": 3.0205422428854254}