{"C_356": 99720.46691023263, "C_356_err": 542.2891442515031, "C_81": 73136.11684188824, "C_81_err": 457.9329778865745, "C_79": 5882.729242920208, "C_79_err": 177.8000533890713, "O_Ba133": 0.7924034908093684, "O_Ba133_err": 0.006544915399074135, "C_161": 1488.0162683889891, "C_161_err": 92.85931546907518, "C_223": 947.8698862172154, "C_223_err": 84.81342470282495, "C_276": 13443.381014430575, "C_276_err": 225.89258760433967, "C_303": 33505.537639268055, "C_303_err": 274.69955985611915, "C_383": NaN, "C_383_err": NaN, "R_simdata_356_counts": 0.3078311336822421}