{"C_356": 996876.8269915031, "C_356_err": 3393.6511069838534, "C_81": 734152.7454159743, "C_81_err": 1666.999264850638, "C_79": 60398.6077444694, "C_79_err": 659.065363404743, "O_Ba133": 0.7970406490020818, "O_Ba133_err": 0.003255103547123084, "C_161": 16121.357535635452, "C_161_err": 622.0676208682702, "C_223": 9532.65024870736, "C_223_err": 197.8905954565857, "C_276": 134531.74145681984, "C_276_err": 481.18057434341455, "C_303": 331892.2448397378, "C_303_err": 946.3312266269622, "C_383": 143218.7937756217, "C_383_err": 528.5943594519379, "R_simdata_356_counts": 3.0772993077799344}