{"C_356": 536074.3954427469, "C_356_err": 5149.858377467787, "C_81": 393596.53430518234, "C_81_err": 1708.600857294932, "C_79": 32457.363157021562, "C_79_err": 688.4546901672829, "O_Ba133": 0.7947663628111236, "O_Ba133_err": 0.008372648382183425, "C_161": 7047.353577490952, "C_161_err": 663.0512242396667, "C_223": 4987.308851566201, "C_223_err": 212.78288182397083, "C_276": 72079.3670705027, "C_276_err": 475.92018979335984, "C_303": 178086.49161051822, "C_303_err": 1074.8195701721102, "C_383": 89272.10115578002, "C_383_err": 874.2689619341332, "R_simdata_356_counts": 1.6548296854216804}