{"C_356": 1010632.4109005593, "C_356_err": 2891.301009512562, "C_81": 748989.371663796, "C_81_err": 1398.498202311147, "C_79": 62165.30612727688, "C_79_err": 548.3773196920887, "O_Ba133": 0.8026208827681127, "O_Ba133_err": 0.0027352951673258463, "C_161": 16063.47351463321, "C_161_err": 330.0417621241329, "C_223": 9761.793917010817, "C_223_err": 259.5180999209949, "C_276": 136543.7753395383, "C_276_err": 599.3248127660872, "C_303": 336857.66089850845, "C_303_err": 764.0485880877911, "C_383": 143926.6129479132, "C_383_err": 3488.825126257333, "R_simdata_356_counts": 4.2920852720461}