{"C_356": 1011215.247675072, "C_356_err": 3364.0212193665016, "C_81": 734956.7928663266, "C_81_err": 2132.74866581618, "C_79": 59909.71414454783, "C_79_err": 809.8745735545989, "O_Ba133": 0.7860507531293519, "O_Ba133_err": 0.0034536567933308947, "C_161": 15939.537314811785, "C_161_err": 173.8066930440022, "C_223": 9806.580065849901, "C_223_err": 280.52723615421394, "C_276": 136963.5835807095, "C_276_err": 584.1198511535288, "C_303": 337590.8242182724, "C_303_err": 879.8816635525544, "C_383": 145203.32076352212, "C_383_err": 587.943443650347, "R_simdata_356_counts": 3.121561157237671}