{"C_356": 998155.0705179982, "C_356_err": 2967.5902354340087, "C_81": 740568.1954345014, "C_81_err": 2019.2062433966883, "C_79": 60449.182158890835, "C_79_err": 798.1758645512281, "O_Ba133": 0.8024979296831101, "O_Ba133_err": 0.003228649520959832, "C_161": 15583.594893024874, "C_161_err": 273.0026901867289, "C_223": 9392.987100349204, "C_223_err": 192.39504256631452, "C_276": 134651.52129347675, "C_276_err": 459.02001160449765, "C_303": 332385.19405834493, "C_303_err": 1069.7636275775349, "C_383": 151528.73358374668, "C_383_err": 2314.5031914856595, "R_simdata_356_counts": 4.239094878790677}