{"C_356": 640091.2220405914, "C_356_err": 7208.872084916194, "C_81": 473474.5869341325, "C_81_err": 1462.674339827609, "C_79": 38473.26977103043, "C_79_err": 561.8904676895654, "O_Ba133": 0.7998045264127958, "O_Ba133_err": 0.009334303201197573, "C_161": 13743.504290529936, "C_161_err": 2794.933311663269, "C_223": 5925.666786127753, "C_223_err": 189.4710999359684, "C_276": 85789.40475560009, "C_276_err": 402.3068842770776, "C_303": 212098.39888723768, "C_303_err": 972.0443459280779, "C_383": 106686.11112546631, "C_383_err": 915.9862570137758, "R_simdata_356_counts": 2.7184227195309436}