{"C_356": 100880.50987985585, "C_356_err": 494.67158395091127, "C_81": 73871.42205800861, "C_81_err": 461.77333570181634, "C_79": 6052.007699477192, "C_79_err": 178.3234955748676, "O_Ba133": 0.7922583842277464, "O_Ba133_err": 0.006258572525724882, "C_161": 1368.8967516860614, "C_161_err": 94.56417283838033, "C_223": 955.0516943201691, "C_223_err": 97.56229947766893, "C_276": 13591.711883765573, "C_276_err": 184.93388071899778, "C_303": 33893.18489018416, "C_303_err": 223.4911543168515, "C_383": NaN, "C_383_err": NaN, "R_simdata_356_counts": 0.3114121171405394}