{"C_356": 1042857.8436373651, "C_356_err": 3942.4516077354774, "C_81": 830384.6230077031, "C_81_err": 2360.4565681208915, "C_79": 66470.93666166172, "C_79_err": 864.2657117473752, "O_Ba133": 0.8599979039724517, "O_Ba133_err": 0.004047231700789724, "C_161": 17310.603627838897, "C_161_err": 559.1762746487364, "C_223": 10139.929660221367, "C_223_err": 197.40840558762685, "C_276": 141334.5828781642, "C_276_err": 466.2094532080991, "C_303": 348269.0309442782, "C_303_err": 939.0645269491763, "C_383": 149937.66606035276, "C_383_err": 650.8840534383173, "R_simdata_356_counts": 3.2192399637006432}