{"C_356": 1018744.0412911393, "C_356_err": 3010.65280258472, "C_81": 752577.2789379254, "C_81_err": 1848.9362131412424, "C_79": 61730.924383549864, "C_79_err": 682.1892711619643, "O_Ba133": 0.7993256110626517, "O_Ba133_err": 0.0030532599715136803, "C_161": 16365.002644011674, "C_161_err": 285.4474541695071, "C_223": 10090.472822235999, "C_223_err": 252.2214175883855, "C_276": 137698.99078437852, "C_276_err": 428.2455552266856, "C_303": 341210.3926793141, "C_303_err": 727.5662867738962, "C_383": 144796.01029269028, "C_383_err": 493.47092839156664, "R_simdata_356_counts": 4.326534799842924}