{"C_356": 1078520.726369151, "C_356_err": 3806.198519137431, "C_81": 951882.2683780233, "C_81_err": 2310.79327772524, "C_79": 76076.59387620112, "C_79_err": 824.1713009716128, "O_Ba133": 0.9531192466878745, "O_Ba133_err": 0.004060617835916332, "C_161": 18152.100797868585, "C_161_err": 413.8358392429473, "C_223": 10647.28925493602, "C_223_err": 212.51678726669044, "C_276": 145730.0443129816, "C_276_err": 518.4483062832198, "C_303": 361103.0230353996, "C_303_err": 873.3649259284219, "C_383": 153963.72304731555, "C_383_err": 698.8495459892686, "R_simdata_356_counts": 4.58040220689199}