{"C_356": 672057.5643363893, "C_356_err": 7252.643811994628, "C_81": 496078.09406290087, "C_81_err": 1715.0679990100557, "C_79": 40060.042661041436, "C_79_err": 637.7804774841208, "O_Ba133": 0.7977562714487738, "O_Ba133_err": 0.00902942577964315, "C_161": 14505.056882992176, "C_161_err": 3616.2631259716127, "C_223": 6301.835495877257, "C_223_err": 211.55358553652204, "C_276": 90457.45668079461, "C_276_err": 456.2494680053816, "C_303": 223099.08302532297, "C_303_err": 805.8260085923084, "C_383": 112164.5743533553, "C_383_err": 1226.3432133593974, "R_simdata_356_counts": 2.8541815429064172}