{"C_356": 999699.3192602941, "C_356_err": 3436.2530135021743, "C_81": 741870.6514498328, "C_81_err": 1760.8159682026157, "C_79": 60923.65114960046, "C_79_err": 691.6665883985182, "O_Ba133": 0.8030357599857562, "O_Ba133_err": 0.0033466529710379955, "C_161": 16301.36484780523, "C_161_err": 478.36417491072524, "C_223": 9831.704628040847, "C_223_err": 159.2094102587294, "C_276": 134790.6645822294, "C_276_err": 498.53108338012333, "C_303": 333141.02853503014, "C_303_err": 882.893663345461, "C_383": 144782.69312252264, "C_383_err": 2778.3935826387874, "R_simdata_356_counts": 4.245653195357309}