{"C_356": 994377.0497297221, "C_356_err": 3313.9237874459077, "C_81": 726562.544776514, "C_81_err": 1637.4647395228453, "C_79": 60282.71205616496, "C_79_err": 651.8086792596653, "O_Ba133": 0.7912946673965862, "O_Ba133_err": 0.003177383850307789, "C_161": 15817.044009161344, "C_161_err": 264.16456137889, "C_223": 9734.181242697512, "C_223_err": 368.20477805890016, "C_276": 134418.8609445793, "C_276_err": 592.9558972029569, "C_303": 330990.33599653357, "C_303_err": 1053.912309367566, "C_383": 142889.83249336, "C_383_err": 581.5872523428216, "R_simdata_356_counts": 3.0695826444680803}