{"C_356": 1097696.4428043424, "C_356_err": 4921.303262546519, "C_81": 1071994.1808749486, "C_81_err": 5253.7032252179915, "C_79": 84338.65512655479, "C_79_err": 1878.3312107244674, "O_Ba133": 1.0534176762451373, "O_Ba133_err": 0.006938277915170836, "C_161": 19351.625403596987, "C_161_err": 326.58681475779173, "C_223": 10767.285404261787, "C_223_err": 216.59371926725262, "C_276": 148312.43234458074, "C_276_err": 512.3515431748862, "C_303": 365442.80954293365, "C_303_err": 904.9096399839835, "C_383": 158002.31067456334, "C_383_err": 922.5842453586997, "R_simdata_356_counts": 3.3885234485675237}