{"C_356": 605697.8829757508, "C_356_err": 6583.394157790829, "C_81": 442826.8243910974, "C_81_err": 1400.7087477070131, "C_79": 36316.11912517281, "C_79_err": 548.1561355868592, "O_Ba133": 0.7910593003268805, "O_Ba133_err": 0.008949545818538874, "C_161": 7620.823651464663, "C_161_err": 867.3876982862765, "C_223": 5554.604875038077, "C_223_err": 241.9867687087954, "C_276": 81440.5177626877, "C_276_err": 337.4940181755105, "C_303": 201132.3788794356, "C_303_err": 901.4543798355782, "C_383": 100894.70867718656, "C_383_err": 967.4155316737003, "R_simdata_356_counts": 1.8697532388531857}