{"m": 15.840457046441893, "m_err": 0.002646427809088135, "c": -0.2613198777552009, "c_err": 0.7010502812583311, "a_quad": 6.766987849438229e-05, "a_quad_err": 4.730270487694086e-06, "b_quad": 15.811393550739572, "b_quad_err": 0.00205647130854759, "c_quad": 1.856559544719012, "c_quad_err": 0.17044531467638083}