{"C_356": 549117.271152671, "C_356_err": 12030.599666710408, "C_356_2": 558778.0804648806, "C_356_2_err": 9838.707864345724, "C_356_average": 553947.6758087757, "C_356_average_err": 7770.7062224194115, "C_81": 352538.9629167819, "C_81_err": 3451.4391350044025, "C_79": 38910.89536191115, "C_79_err": 1881.337103131353, "O_Ba133": 0.7128711458246199, "O_Ba133_err": 0.017180674264300408, "O_Ba133_av": 0.7066549339830115, "O_Ba133_av_err": 0.012298218370393365, "C_161": 8264.519816709237, "C_161_err": 337.0898101502683, "C_223": 5008.374400753468, "C_223_err": 265.0521148199036, "C_276": 72236.24657356582, "C_276_err": 960.2234962916275, "C_303": 180188.18257127484, "C_303_err": 2685.9925675337786, "C_383": 77340.93792536006, "C_383_err": 1068.027780776431}