{"m": 16.610685756313384, "m_err": 0.6757511753114706, "c": -200.80062796611028, "c_err": 186.78654711896812, "a_quad": -0.013691352971052789, "a_quad_err": 0.017461834825632787, "b_quad": 25.44502656858855, "b_quad_err": 11.290469716383292, "c_quad": -1596.637395058658, "c_quad_err": 1791.4461403379887}