{"C_356": 1030734.5372934551, "C_356_err": 2891.9293688171506, "C_81": 630803.253519746, "C_81_err": 1625.677209598597, "C_79": 50966.69852883309, "C_79_err": 610.2961580359005, "O_Ba133": 0.6614408728738231, "O_Ba133_err": 0.0025064224301079505, "C_161": 15979.013707412805, "C_161_err": 467.7930020162495, "C_223": 10175.128305286114, "C_223_err": 265.8641955339086, "C_276": 138379.095889598, "C_276_err": 481.59228995913327, "C_303": 344399.1965482838, "C_303_err": 861.5231850707403, "C_383": 149371.65432268663, "C_383_err": 1452.0626535925671, "R_simdata_356_counts": 1.8607073958538776}