{"C_356": 1179187.149757515, "C_356_err": 5568.410399320133, "C_81": 1190425.0501592543, "C_81_err": 5513.713435408024, "C_79": 93965.99806753432, "C_79_err": 1936.5048052338964, "O_Ba133": 1.0892173040478839, "O_Ba133_err": 0.0071425988946025205, "C_161": 20208.17151216915, "C_161_err": 428.96131289815446, "C_223": 11772.746382211517, "C_223_err": 332.33578362013384, "C_276": 157754.33097691092, "C_276_err": 502.2421019548434, "C_303": 392798.10885537555, "C_303_err": 985.6278715989091, "C_383": 171234.46315806138, "C_383_err": 2803.5071388114366, "R_simdata_356_counts": 2.128697711450591}