{"C_356": 1096048.9646368164, "C_356_err": 3801.3916134543692, "C_81": 818375.7480322378, "C_81_err": 2087.6710746867875, "C_79": 65350.92795163622, "C_79_err": 758.9906894770284, "O_Ba133": 0.8062839384887364, "O_Ba133_err": 0.0034536073650555774, "C_161": 16842.01266959907, "C_161_err": 570.9720515128373, "C_223": 11101.223432463115, "C_223_err": 300.74172971248083, "C_276": 147171.8102511457, "C_276_err": 553.2007456225531, "C_303": 366280.560335594, "C_303_err": 752.3787167016746, "C_383": 157506.40930843324, "C_383_err": 2285.5387575719074, "R_simdata_356_counts": 1.9786146101914066}