{"FCCD": 1.0623816127476366, "FCCD_err": 0.05785248934888625}