{"C_356": 1160343.8740445655, "C_356_err": 4982.580261559535, "C_81": 1058074.1603475856, "C_81_err": 4069.7580300256955, "C_79": 83472.70859305345, "C_79_err": 1440.8174340564524, "O_Ba133": 0.9838004874896211, "O_Ba133_err": 0.005629374977925736, "C_161": 19270.148648107974, "C_161_err": 426.93544676004944, "C_223": 11672.962199096079, "C_223_err": 288.90377600694336, "C_276": 155391.0706966631, "C_276_err": 562.770446302086, "C_303": 387373.8537293076, "C_303_err": 936.5400655783139, "C_383": 171550.11024693446, "C_383_err": 2964.301891180091, "R_simdata_356_counts": 2.0946813656189422}