{"C_356": 999278.4302201499, "C_356_err": 2931.9790909290614, "C_81": 554137.7589380037, "C_81_err": 1371.5106499302287, "C_79": 45027.0237159662, "C_79_err": 520.7261042825999, "O_Ba133": 0.5995974340424505, "O_Ba133_err": 0.0022913665160075, "C_161": 15658.396220794846, "C_161_err": 370.6688305149173, "C_223": 9924.157880414277, "C_223_err": 260.00616911676616, "C_276": 134241.86742296332, "C_276_err": 519.9404546493217, "C_303": 333868.2565832189, "C_303_err": 917.0810464751121, "C_383": 137503.21769546525, "C_383_err": 2177.883033832901, "R_simdata_356_counts": 1.8039220559255558}