{"C_356": 1129129.5309288467, "C_356_err": 4459.267514374472, "C_81": 931037.5609454439, "C_81_err": 2786.3087303353004, "C_79": 74089.5368217905, "C_79_err": 1000.5056179218296, "O_Ba133": 0.8901787352425322, "O_Ba133_err": 0.00438563567545306, "C_161": 18686.880185131628, "C_161_err": 375.6819519742382, "C_223": 11245.856467104066, "C_223_err": 262.51093149161045, "C_276": 151418.9635310521, "C_276_err": 623.9478324089956, "C_303": 377105.8106867129, "C_303_err": 1043.5786025763794, "C_383": 164250.91334014517, "C_383_err": 2777.1209677264023, "R_simdata_356_counts": 2.038332463946695}