{"C_356": 1052321.3488878238, "C_356_err": 3318.9723922668095, "C_81": 696389.4498650326, "C_81_err": 1634.162695472511, "C_79": 56617.41009603353, "C_79_err": 632.8953765638978, "O_Ba133": 0.7155674079566124, "O_Ba133_err": 0.0028047632460045414, "C_161": 16511.677532925016, "C_161_err": 418.06032944265115, "C_223": 10563.540967024635, "C_223_err": 263.8526964473745, "C_276": 140716.95757960444, "C_276_err": 568.2378211589865, "C_303": 351429.36091812956, "C_303_err": 865.4844192899398, "C_383": 149165.90418978495, "C_383_err": 2604.5438547108765, "R_simdata_356_counts": 1.8996764402908841}