{"C_356": 1055202.4966493328, "C_356_err": 3460.108174804386, "C_81": 697776.0050155675, "C_81_err": 1870.0618752552693, "C_79": 57631.51044054744, "C_79_err": 702.996003424887, "O_Ba133": 0.7158886733634726, "O_Ba133_err": 0.0030158325539976685, "C_161": 16479.62374107961, "C_161_err": 490.1013724945464, "C_223": 10681.258196306198, "C_223_err": 282.7880026331749, "C_276": 141622.95991502336, "C_276_err": 444.09266914388087, "C_303": 352719.6485558885, "C_303_err": 953.3858920376628, "C_383": 150458.81249381686, "C_383_err": 2625.2652861425813, "R_simdata_356_counts": 1.9048775592545164}