{"C_356": 1054335.756658641, "C_356_err": 3437.0487997348764, "C_81": 698366.2591247039, "C_81_err": 1579.452719700536, "C_79": 57874.72650687287, "C_79_err": 610.5608965129852, "O_Ba133": 0.717267702300286, "O_Ba133_err": 0.002836698686463537, "C_161": 16957.501513653475, "C_161_err": 477.6361484528822, "C_223": 10781.53740953344, "C_223_err": 331.6359416351634, "C_276": 141222.9888736921, "C_276_err": 576.4173786897067, "C_303": 352186.89467898797, "C_303_err": 641.4120414152297, "C_383": 152183.32573991787, "C_383_err": 2157.939141766452, "R_simdata_356_counts": 1.903312898856896}