{"C_356": 1033567.1356083999, "C_356_err": 3564.0824722023144, "C_81": 688696.7803342822, "C_81_err": 2026.2484768075485, "C_79": 57316.129725860585, "C_79_err": 820.8420777891515, "O_Ba133": 0.7217846662868291, "O_Ba133_err": 0.003266335553333563, "C_161": 16249.28073598333, "C_161_err": 349.475144860986, "C_223": 10267.55779273902, "C_223_err": 295.60884370440493, "C_276": 137533.23707771124, "C_276_err": 599.9910298728195, "C_303": 344209.8281712905, "C_303_err": 905.1507127972848, "C_383": 150139.57473780756, "C_383_err": 2932.163679965573, "R_simdata_356_counts": 1.8658208721597564}