{"C_356": 1048074.5132386778, "C_356_err": 3054.497668572321, "C_81": 695486.0860405832, "C_81_err": 1669.8069684840727, "C_79": 57161.73844449542, "C_79_err": 660.1835883579546, "O_Ba133": 0.7181243461014096, "O_Ba133_err": 0.002704683523753773, "C_161": 16181.337043570227, "C_161_err": 356.66856398729124, "C_223": 10640.022401973963, "C_223_err": 283.46145574322736, "C_276": 139885.84501685304, "C_276_err": 625.105978577321, "C_303": 349607.077965341, "C_303_err": 1017.2399923401385, "C_383": 149281.81190816962, "C_383_err": 3107.284779095584, "R_simdata_356_counts": 1.8920099478862622}