{"C_356": 1062926.0296569623, "C_356_err": 3816.102421155036, "C_81": 718582.4640462662, "C_81_err": 1810.7731054569435, "C_79": 58209.86646515595, "C_79_err": 672.8633343576229, "O_Ba133": 0.7308056335417019, "O_Ba133_err": 0.00319168305934466, "C_161": 16538.71444983698, "C_161_err": 286.20811008431474, "C_223": 10710.212314099057, "C_223_err": 253.53918550690884, "C_276": 142775.49123319422, "C_276_err": 504.474042081672, "C_303": 355320.492914936, "C_303_err": 637.5672462021188, "C_383": 151961.68105379393, "C_383_err": 2774.3720123690678, "R_simdata_356_counts": 1.9188202714364078}