{"C_356": 810460.5848417369, "C_356_err": 1659.800737045831, "C_81": 245451.77179291102, "C_81_err": 1106.364354466402, "C_79": 20687.80489044901, "C_79_err": 460.8345963075927, "O_Ba133": 0.32838065374311887, "O_Ba133_err": 0.0016245321148178153, "C_161": 11021.330745493717, "C_161_err": 302.98075086234013, "C_223": 8277.298857147936, "C_223_err": 226.79941262377253, "C_276": 108869.58030830647, "C_276_err": 466.95067680614926, "C_303": 269697.93577060045, "C_303_err": 608.0051363070218, "C_383": NaN, "C_383_err": NaN, "R_simdata_356_counts": 1.4630634268091238}