{"C_356": 1052357.9854513542, "C_356_err": 3197.9341437975413, "C_81": 698157.159367548, "C_81_err": 1548.8662827732185, "C_79": 58197.09966477139, "C_79_err": 611.0811517599258, "O_Ba133": 0.7187233522135725, "O_Ba133_err": 0.002696958830547049, "C_161": 16210.407403385097, "C_161_err": 676.373038599486, "C_223": 11026.414028630188, "C_223_err": 208.84707025497906, "C_276": 140803.1354415043, "C_276_err": 428.5630499006232, "C_303": 351403.20330525166, "C_303_err": 798.945327124401, "C_383": 156284.7835087165, "C_383_err": 3093.297387507998, "R_simdata_356_counts": 1.8997425775185148}