{"C_356": 1048186.4691599536, "C_356_err": 2898.2424637336503, "C_81": 696413.3954018522, "C_81_err": 1418.6304925399966, "C_79": 57975.84359659591, "C_79_err": 566.8564726924441, "O_Ba133": 0.7197090033064795, "O_Ba133_err": 0.0024666358354794066, "C_161": 16652.244163571348, "C_161_err": 467.7555931969375, "C_223": 10793.937623580408, "C_223_err": 298.70894243150036, "C_276": 139878.2165513052, "C_276_err": 629.8514423923139, "C_303": 349572.6345479656, "C_303_err": 1003.7124602398185, "C_383": 151111.35741996064, "C_383_err": 1848.856072550278, "R_simdata_356_counts": 1.8922120534752285}