{"C_356": 1055193.675792318, "C_356_err": 3202.2866356639342, "C_81": 695738.8030829257, "C_81_err": 1923.6629570223608, "C_79": 55591.87189152349, "C_79_err": 710.7554139044585, "O_Ba133": 0.71203106331195, "O_Ba133_err": 0.0029062888273351495, "C_161": 16333.201256963155, "C_161_err": 351.4023396392264, "C_223": 10611.21761100811, "C_223_err": 267.40300850488944, "C_276": 141756.91541785182, "C_276_err": 632.4403670152665, "C_303": 352662.00505652674, "C_303_err": 739.6111743202653, "C_383": 147182.19702051906, "C_383_err": 2406.235091022492, "R_simdata_356_counts": 1.9048616356259862}