{"C_356": 1033516.489043646, "C_356_err": 3648.6762015006184, "C_81": 687903.2867355678, "C_81_err": 2021.64173979462, "C_79": 57331.658288901446, "C_79_err": 819.8725134223594, "O_Ba133": 0.7210673007395023, "O_Ba133_err": 0.003306922672400368, "C_161": 16870.37616238709, "C_161_err": 309.1540421878208, "C_223": 10106.94539461744, "C_223_err": 285.2065510229993, "C_276": 137570.29206520008, "C_276_err": 575.1370498298679, "C_303": 344201.767707149, "C_303_err": 896.4927595546288, "C_383": 146685.66104391517, "C_383_err": 2368.1120962474934, "R_simdata_356_counts": 1.86572944373255}