{"C_356": 1054363.4771981111, "C_356_err": 3224.8138069580114, "C_81": 699101.3678375862, "C_81_err": 1878.0149454368043, "C_79": 58202.13340795688, "C_79_err": 729.8167411539092, "O_Ba133": 0.7182565762406891, "O_Ba133_err": 0.0029116564642073304, "C_161": 16304.62597339941, "C_161_err": 493.21958501825895, "C_223": 10894.804024346326, "C_223_err": 249.44919423170842, "C_276": 141407.3345134848, "C_276_err": 584.1442823912661, "C_303": 352243.0044802149, "C_303_err": 909.7498490651816, "C_383": 149732.21634231173, "C_383_err": 1896.1737137988378, "R_simdata_356_counts": 1.9033629406580999}